name,phone,note
Ademokoya 001,+2312345678001,Family
Ademokoya 002,+2312345678002,Family
Ademokoya 003,+2312345678003,Family
Ademokoya 004,+2312345678004,Family
Ademokoya 005,+2312345678005,Family
Ademokoya 006,+2312345678006,Family
Ademokoya 007,+2312345678007,Family
Ademokoya 008,+2312345678008,Family
Ademokoya 009,+2312345678009,Family
Ademokoya 010,+2312345678010,Family
Ademokoya 011,+2312345678011,Family
Ademokoya 012,+2312345678012,Family
Ademokoya 013,+2312345678013,Family
Ademokoya 014,+2312345678014,Family
Ademokoya 015,+2312345678015,Family
Ademokoya 016,+2312345678016,Family
Ademokoya 017,+2312345678017,Family
Ademokoya 018,+2312345678018,Family
Ademokoya 019,+2312345678019,Family
Ademokoya 020,+2312345678020,Family
Ademokoya 021,+2312345678021,Family
Ademokoya 022,+2312345678022,Family
Ademokoya 023,+2312345678023,Family
Ademokoya 024,+2312345678024,Family
Ademokoya 025,+2312345678025,Family
Ademokoya 026,+2312345678026,Family
Ademokoya 027,+2312345678027,Family
Ademokoya 028,+2312345678028,Family
Ademokoya 029,+2312345678029,Family
Ademokoya 030,+2312345678030,Family
Ademokoya 031,+2312345678031,Family
Ademokoya 032,+2312345678032,Family
Ademokoya 033,+2312345678033,Family
Ademokoya 034,+2312345678034,Family
Ademokoya 035,+2312345678035,Family
Ademokoya 036,+2312345678036,Family
Ademokoya 037,+2312345678037,Family
Ademokoya 038,+2312345678038,Family
Ademokoya 039,+2312345678039,Family
Ademokoya 040,+2312345678040,Family
Ademokoya 041,+2312345678041,Family
Ademokoya 042,+2312345678042,Family
Ademokoya 043,+2312345678043,Family
Ademokoya 044,+2312345678044,Family
Ademokoya 045,+2312345678045,Family
Ademokoya 046,+2312345678046,Family
Ademokoya 047,+2312345678047,Family
Ademokoya 048,+2312345678048,Family
Ademokoya 049,+2312345678049,Family
Ademokoya 050,+2312345678050,Family
Ademokoya 051,+2312345678051,Family
Ademokoya 052,+2312345678052,Family
Ademokoya 053,+2312345678053,Family
Ademokoya 054,+2312345678054,Family
Ademokoya 055,+2312345678055,Family
Ademokoya 056,+2312345678056,Family
Ademokoya 057,+2312345678057,Family
Ademokoya 058,+2312345678058,Family
Ademokoya 059,+2312345678059,Family
Ademokoya 060,+2312345678060,Family
Ademokoya 061,+2312345678061,Family
Ademokoya 062,+2312345678062,Family
Ademokoya 063,+2312345678063,Family
Ademokoya 064,+2312345678064,Family
Ademokoya 065,+2312345678065,Family
Ademokoya 066,+2312345678066,Family
Ademokoya 067,+2312345678067,Family
Ademokoya 068,+2312345678068,Family
Ademokoya 069,+2312345678069,Family
Ademokoya 070,+2312345678070,Family
Ademokoya 071,+2312345678071,Family
Ademokoya 072,+2312345678072,Family
Ademokoya 073,+2312345678073,Family
Ademokoya 074,+2312345678074,Family
Ademokoya 075,+2312345678075,Family
Ademokoya 076,+2312345678076,Family
Ademokoya 077,+2312345678077,Family
Ademokoya 078,+2312345678078,Family
Ademokoya 079,+2312345678079,Family
Ademokoya 080,+2312345678080,Family
Ademokoya 081,+2312345678081,Family
Ademokoya 082,+2312345678082,Family
Ademokoya 083,+2312345678083,Family
Ademokoya 084,+2312345678084,Family
Ademokoya 085,+2312345678085,Family
Ademokoya 086,+2312345678086,Family
Ademokoya 087,+2312345678087,Family
Ademokoya 088,+2312345678088,Family
Ademokoya 089,+2312345678089,Family
Ademokoya 090,+2312345678090,Family
Ademokoya 091,+2312345678091,Family
Ademokoya 092,+2312345678092,Family
Ademokoya 093,+2312345678093,Family
Ademokoya 094,+2312345678094,Family
Ademokoya 095,+2312345678095,Family
Ademokoya 096,+2312345678096,Family
Ademokoya 097,+2312345678097,Family
Ademokoya 098,+2312345678098,Family
Ademokoya 099,+2312345678099,Family
Ademokoya 100,+2312345678100,Family
Ademokoya 101,+2312345678101,Family
Ademokoya 102,+2312345678102,Family
Ademokoya 103,+2312345678103,Family
Ademokoya 104,+2312345678104,Family
Ademokoya 105,+2312345678105,Family
Ademokoya 106,+2312345678106,Family
Ademokoya 107,+2312345678107,Family
Ademokoya 108,+2312345678108,Family
Ademokoya 109,+2312345678109,Family
Ademokoya 110,+2312345678110,Family
Ademokoya 111,+2312345678111,Family
Ademokoya 112,+2312345678112,Family
Ademokoya 113,+2312345678113,Family
Ademokoya 114,+2312345678114,Family
Ademokoya 115,+2312345678115,Family
Ademokoya 116,+2312345678116,Family
Ademokoya 117,+2312345678117,Family
Ademokoya 118,+2312345678118,Family
Ademokoya 119,+2312345678119,Family
Ademokoya 120,+2312345678120,Family
Ademokoya 121,+2312345678121,Family
Ademokoya 122,+2312345678122,Family
Ademokoya 123,+2312345678123,Family
Ademokoya 124,+2312345678124,Family
Ademokoya 125,+2312345678125,Family
Ademokoya 126,+2312345678126,Family
Ademokoya 127,+2312345678127,Family
Ademokoya 128,+2312345678128,Family
Ademokoya 129,+2312345678129,Family
Ademokoya 130,+2312345678130,Family
Ademokoya 131,+2312345678131,Family
Ademokoya 132,+2312345678132,Family
Ademokoya 133,+2312345678133,Family
Ademokoya 134,+2312345678134,Family
Ademokoya 135,+2312345678135,Family
Ademokoya 136,+2312345678136,Family
Ademokoya 137,+2312345678137,Family
Ademokoya 138,+2312345678138,Family
Ademokoya 139,+2312345678139,Family
Ademokoya 140,+2312345678140,Family
Ademokoya 141,+2312345678141,Family
Ademokoya 142,+2312345678142,Family
Ademokoya 143,+2312345678143,Family
Ademokoya 144,+2312345678144,Family
Ademokoya 145,+2312345678145,Family
Ademokoya 146,+2312345678146,Family
Ademokoya 147,+2312345678147,Family
Ademokoya 148,+2312345678148,Family
Ademokoya 149,+2312345678149,Family
Ademokoya 150,+2312345678150,Family
Ademokoya 151,+2312345678151,Family
Ademokoya 152,+2312345678152,Family
Ademokoya 153,+2312345678153,Family
Ademokoya 154,+2312345678154,Family
Ademokoya 155,+2312345678155,Family
Ademokoya 156,+2312345678156,Family
Ademokoya 157,+2312345678157,Family
Ademokoya 158,+2312345678158,Family
Ademokoya 159,+2312345678159,Family
Ademokoya 160,+2312345678160,Family
Ademokoya 161,+2312345678161,Family
Ademokoya 162,+2312345678162,Family
Ademokoya 163,+2312345678163,Family
Ademokoya 164,+2312345678164,Family
Ademokoya 165,+2312345678165,Family
Ademokoya 166,+2312345678166,Family
Ademokoya 167,+2312345678167,Family
Ademokoya 168,+2312345678168,Family
Ademokoya 169,+2312345678169,Family
Ademokoya 170,+2312345678170,Family
Ademokoya 171,+2312345678171,Family
Ademokoya 172,+2312345678172,Family
Ademokoya 173,+2312345678173,Family
Ademokoya 174,+2312345678174,Family
Ademokoya 175,+2312345678175,Family
Ademokoya 176,+2312345678176,Family
Ademokoya 177,+2312345678177,Family
Ademokoya 178,+2312345678178,Family
Ademokoya 179,+2312345678179,Family
Ademokoya 180,+2312345678180,Family
Ademokoya 181,+2312345678181,Family
Ademokoya 182,+2312345678182,Family
Ademokoya 183,+2312345678183,Family
Ademokoya 184,+2312345678184,Family
Ademokoya 185,+2312345678185,Family
Ademokoya 186,+2312345678186,Family
Ademokoya 187,+2312345678187,Family
Ademokoya 188,+2312345678188,Family
Ademokoya 189,+2312345678189,Family
Ademokoya 190,+2312345678190,Family
Ademokoya 191,+2312345678191,Family
Ademokoya 192,+2312345678192,Family
Ademokoya 193,+2312345678193,Family
Ademokoya 194,+2312345678194,Family
Ademokoya 195,+2312345678195,Family
Ademokoya 196,+2312345678196,Family
Ademokoya 197,+2312345678197,Family
Ademokoya 198,+2312345678198,Family
Ademokoya 199,+2312345678199,Family
Ademokoya 200,+2312345678200,Family
Ademokoya 201,+2312345678201,Family
Ademokoya 202,+2312345678202,Family
Ademokoya 203,+2312345678203,Family
Ademokoya 204,+2312345678204,Family
Ademokoya 205,+2312345678205,Family
Ademokoya 206,+2312345678206,Family
Ademokoya 207,+2312345678207,Family
Ademokoya 208,+2312345678208,Family
Ademokoya 209,+2312345678209,Family
Ademokoya 210,+2312345678210,Family
Ademokoya 211,+2312345678211,Family
Ademokoya 212,+2312345678212,Family
Ademokoya 213,+2312345678213,Family
Ademokoya 214,+2312345678214,Family
Ademokoya 215,+2312345678215,Family
Ademokoya 216,+2312345678216,Family
Ademokoya 217,+2312345678217,Family
Ademokoya 218,+2312345678218,Family
Ademokoya 219,+2312345678219,Family
Ademokoya 220,+2312345678220,Family
Ademokoya 221,+2312345678221,Family
Ademokoya 222,+2312345678222,Family
Ademokoya 223,+2312345678223,Family
Ademokoya 224,+2312345678224,Family
Ademokoya 225,+2312345678225,Family
Ademokoya 226,+2312345678226,Family
Ademokoya 227,+2312345678227,Family
Ademokoya 228,+2312345678228,Family
Ademokoya 229,+2312345678229,Family
Ademokoya 230,+2312345678230,Family
Ademokoya 231,+2312345678231,Family
Ademokoya 232,+2312345678232,Family
Ademokoya 233,+2312345678233,Family
Ademokoya 234,+2312345678234,Family
Ademokoya 235,+2312345678235,Family
Ademokoya 236,+2312345678236,Family
Ademokoya 237,+2312345678237,Family
Ademokoya 238,+2312345678238,Family
Ademokoya 239,+2312345678239,Family
Ademokoya 240,+2312345678240,Family
Ademokoya 241,+2312345678241,Family
Ademokoya 242,+2312345678242,Family
Ademokoya 243,+2312345678243,Family
Ademokoya 244,+2312345678244,Family
Ademokoya 245,+2312345678245,Family
Ademokoya 246,+2312345678246,Family
Ademokoya 247,+2312345678247,Family
Ademokoya 248,+2312345678248,Family
Ademokoya 249,+2312345678249,Family
Ademokoya 250,+2312345678250,Family
Ademokoya 251,+2312345678251,Family
Ademokoya 252,+2312345678252,Family
Ademokoya 253,+2312345678253,Family
Ademokoya 254,+2312345678254,Family
Ademokoya 255,+2312345678255,Family
Ademokoya 256,+2312345678256,Family
Ademokoya 257,+2312345678257,Family
Ademokoya 258,+2312345678258,Family
Ademokoya 259,+2312345678259,Family
Ademokoya 260,+2312345678260,Family
Ademokoya 261,+2312345678261,Family
Ademokoya 262,+2312345678262,Family
Ademokoya 263,+2312345678263,Family
Ademokoya 264,+2312345678264,Family
Ademokoya 265,+2312345678265,Family
Ademokoya 266,+2312345678266,Family
Ademokoya 267,+2312345678267,Family
Ademokoya 268,+2312345678268,Family
Ademokoya 269,+2312345678269,Family
Ademokoya 270,+2312345678270,Family
Ademokoya 271,+2312345678271,Family
Ademokoya 272,+2312345678272,Family
Ademokoya 273,+2312345678273,Family
Ademokoya 274,+2312345678274,Family
Ademokoya 275,+2312345678275,Family
Ademokoya 276,+2312345678276,Family
Ademokoya 277,+2312345678277,Family
Ademokoya 278,+2312345678278,Family
Ademokoya 279,+2312345678279,Family
Ademokoya 280,+2312345678280,Family
Ademokoya 281,+2312345678281,Family
Ademokoya 282,+2312345678282,Family
Ademokoya 283,+2312345678283,Family
Ademokoya 284,+2312345678284,Family
Ademokoya 285,+2312345678285,Family
Ademokoya 286,+2312345678286,Family
Ademokoya 287,+2312345678287,Family
Ademokoya 288,+2312345678288,Family
Ademokoya 289,+2312345678289,Family
Ademokoya 290,+2312345678290,Family
Ademokoya 291,+2312345678291,Family
Ademokoya 292,+2312345678292,Family
Ademokoya 293,+2312345678293,Family
Ademokoya 294,+2312345678294,Family
Ademokoya 295,+2312345678295,Family
Ademokoya 296,+2312345678296,Family
Ademokoya 297,+2312345678297,Family
Ademokoya 298,+2312345678298,Family
Ademokoya 299,+2312345678299,Family
Ademokoya 300,+2312345678300,Family
Ademokoya 301,+2312345678301,Family
Ademokoya 302,+2312345678302,Family
Ademokoya 303,+2312345678303,Family
Ademokoya 304,+2312345678304,Family
Ademokoya 305,+2312345678305,Family
Ademokoya 306,+2312345678306,Family
Ademokoya 307,+2312345678307,Family
Ademokoya 308,+2312345678308,Family
Ademokoya 309,+2312345678309,Family
Ademokoya 310,+2312345678310,Family
Ademokoya 311,+2312345678311,Family
Ademokoya 312,+2312345678312,Family
Ademokoya 313,+2312345678313,Family
Ademokoya 314,+2312345678314,Family
Ademokoya 315,+2312345678315,Family
Ademokoya 316,+2312345678316,Family
Ademokoya 317,+2312345678317,Family
Ademokoya 318,+2312345678318,Family
Ademokoya 319,+2312345678319,Family
Ademokoya 320,+2312345678320,Family
Ademokoya 321,+2312345678321,Family
Ademokoya 322,+2312345678322,Family
Ademokoya 323,+2312345678323,Family
Ademokoya 324,+2312345678324,Family
Ademokoya 325,+2312345678325,Family
Ademokoya 326,+2312345678326,Family
Ademokoya 327,+2312345678327,Family
Ademokoya 328,+2312345678328,Family
Ademokoya 329,+2312345678329,Family
Ademokoya 330,+2312345678330,Family
Ademokoya 331,+2312345678331,Family
Ademokoya 332,+2312345678332,Family
Ademokoya 333,+2312345678333,Family
Ademokoya 334,+2312345678334,Family
Ademokoya 335,+2312345678335,Family
Ademokoya 336,+2312345678336,Family
Ademokoya 337,+2312345678337,Family
Ademokoya 338,+2312345678338,Family
Ademokoya 339,+2312345678339,Family
Ademokoya 340,+2312345678340,Family
Ademokoya 341,+2312345678341,Family
Ademokoya 342,+2312345678342,Family
Ademokoya 343,+2312345678343,Family
Ademokoya 344,+2312345678344,Family
Ademokoya 345,+2312345678345,Family
Ademokoya 346,+2312345678346,Family
Ademokoya 347,+2312345678347,Family
Ademokoya 348,+2312345678348,Family
Ademokoya 349,+2312345678349,Family
Ademokoya 350,+2312345678350,Family
Ademokoya 351,+2312345678351,Family
Ademokoya 352,+2312345678352,Family
Ademokoya 353,+2312345678353,Family
Ademokoya 354,+2312345678354,Family
Ademokoya 355,+2312345678355,Family
Ademokoya 356,+2312345678356,Family
Ademokoya 357,+2312345678357,Family
Ademokoya 358,+2312345678358,Family
Ademokoya 359,+2312345678359,Family
Ademokoya 360,+2312345678360,Family
Ademokoya 361,+2312345678361,Family
Ademokoya 362,+2312345678362,Family
Ademokoya 363,+2312345678363,Family
Ademokoya 364,+2312345678364,Family
Ademokoya 365,+2312345678365,Family
Ademokoya 366,+2312345678366,Family
Ademokoya 367,+2312345678367,Family
Ademokoya 368,+2312345678368,Family
Ademokoya 369,+2312345678369,Family
Ademokoya 370,+2312345678370,Family
Ademokoya 371,+2312345678371,Family
Ademokoya 372,+2312345678372,Family
Ademokoya 373,+2312345678373,Family
Ademokoya 374,+2312345678374,Family
Ademokoya 375,+2312345678375,Family
Ademokoya 376,+2312345678376,Family
Ademokoya 377,+2312345678377,Family
Ademokoya 378,+2312345678378,Family
Ademokoya 379,+2312345678379,Family
Ademokoya 380,+2312345678380,Family
Ademokoya 381,+2312345678381,Family
Ademokoya 382,+2312345678382,Family
Ademokoya 383,+2312345678383,Family
Ademokoya 384,+2312345678384,Family
Ademokoya 385,+2312345678385,Family
Ademokoya 386,+2312345678386,Family
Ademokoya 387,+2312345678387,Family
Ademokoya 388,+2312345678388,Family
Ademokoya 389,+2312345678389,Family
Ademokoya 390,+2312345678390,Family
Ademokoya 391,+2312345678391,Family
Ademokoya 392,+2312345678392,Family
Ademokoya 393,+2312345678393,Family
Ademokoya 394,+2312345678394,Family
Ademokoya 395,+2312345678395,Family
Ademokoya 396,+2312345678396,Family
Ademokoya 397,+2312345678397,Family
Ademokoya 398,+2312345678398,Family
Ademokoya 399,+2312345678399,Family
Ademokoya 400,+2312345678400,Family
Ademokoya 401,+2312345678401,Family
Ademokoya 402,+2312345678402,Family
Ademokoya 403,+2312345678403,Family
Ademokoya 404,+2312345678404,Family
Ademokoya 405,+2312345678405,Family
Ademokoya 406,+2312345678406,Family
Ademokoya 407,+2312345678407,Family
Ademokoya 408,+2312345678408,Family
Ademokoya 409,+2312345678409,Family
Ademokoya 410,+2312345678410,Family
Ademokoya 411,+2312345678411,Family
Ademokoya 412,+2312345678412,Family
Ademokoya 413,+2312345678413,Family
Ademokoya 414,+2312345678414,Family
Ademokoya 415,+2312345678415,Family
Ademokoya 416,+2312345678416,Family
Ademokoya 417,+2312345678417,Family
Ademokoya 418,+2312345678418,Family
Ademokoya 419,+2312345678419,Family
Ademokoya 420,+2312345678420,Family
Ademokoya 421,+2312345678421,Family
Ademokoya 422,+2312345678422,Family
Ademokoya 423,+2312345678423,Family
Ademokoya 424,+2312345678424,Family
Ademokoya 425,+2312345678425,Family
Ademokoya 426,+2312345678426,Family
Ademokoya 427,+2312345678427,Family
Ademokoya 428,+2312345678428,Family
Ademokoya 429,+2312345678429,Family
Ademokoya 430,+2312345678430,Family
Ademokoya 431,+2312345678431,Family
Ademokoya 432,+2312345678432,Family
Ademokoya 433,+2312345678433,Family
Ademokoya 434,+2312345678434,Family
Ademokoya 435,+2312345678435,Family
Ademokoya 436,+2312345678436,Family
Ademokoya 437,+2312345678437,Family
Ademokoya 438,+2312345678438,Family
Ademokoya 439,+2312345678439,Family
Ademokoya 440,+2312345678440,Family
Ademokoya 441,+2312345678441,Family
Ademokoya 442,+2312345678442,Family
Ademokoya 443,+2312345678443,Family
Ademokoya 444,+2312345678444,Family
Ademokoya 445,+2312345678445,Family
Ademokoya 446,+2312345678446,Family
Ademokoya 447,+2312345678447,Family
Ademokoya 448,+2312345678448,Family
Ademokoya 449,+2312345678449,Family
Ademokoya 450,+2312345678450,Family
Ademokoya 451,+2312345678451,Family
Ademokoya 452,+2312345678452,Family
Ademokoya 453,+2312345678453,Family
Ademokoya 454,+2312345678454,Family
Ademokoya 455,+2312345678455,Family
Ademokoya 456,+2312345678456,Family
Ademokoya 457,+2312345678457,Family
Ademokoya 458,+2312345678458,Family
Ademokoya 459,+2312345678459,Family
Ademokoya 460,+2312345678460,Family
Ademokoya 461,+2312345678461,Family
Ademokoya 462,+2312345678462,Family
Ademokoya 463,+2312345678463,Family
Ademokoya 464,+2312345678464,Family
Ademokoya 465,+2312345678465,Family
Ademokoya 466,+2312345678466,Family
Ademokoya 467,+2312345678467,Family
Ademokoya 468,+2312345678468,Family
Ademokoya 469,+2312345678469,Family
Ademokoya 470,+2312345678470,Family
Ademokoya 471,+2312345678471,Family
Ademokoya 472,+2312345678472,Family
Ademokoya 473,+2312345678473,Family
Ademokoya 474,+2312345678474,Family
Ademokoya 475,+2312345678475,Family
Ademokoya 476,+2312345678476,Family
Ademokoya 477,+2312345678477,Family
Ademokoya 478,+2312345678478,Family
Ademokoya 479,+2312345678479,Family
Ademokoya 480,+2312345678480,Family
Ademokoya 481,+2312345678481,Family
Ademokoya 482,+2312345678482,Family
Ademokoya 483,+2312345678483,Family
Ademokoya 484,+2312345678484,Family
Ademokoya 485,+2312345678485,Family
Ademokoya 486,+2312345678486,Family
Ademokoya 487,+2312345678487,Family
Ademokoya 488,+2312345678488,Family
Ademokoya 489,+2312345678489,Family
Ademokoya 490,+2312345678490,Family
Ademokoya 491,+2312345678491,Family
Ademokoya 492,+2312345678492,Family
Ademokoya 493,+2312345678493,Family
Ademokoya 494,+2312345678494,Family
Ademokoya 495,+2312345678495,Family
Ademokoya 496,+2312345678496,Family
Ademokoya 497,+2312345678497,Family
Ademokoya 498,+2312345678498,Family
Ademokoya 499,+2312345678499,Family
Ademokoya 500,+2312345678500,Family
Ademokoya 501,+2312345678501,Family
Ademokoya 502,+2312345678502,Family
Ademokoya 503,+2312345678503,Family
Ademokoya 504,+2312345678504,Family
Ademokoya 505,+2312345678505,Family
Ademokoya 506,+2312345678506,Family
Ademokoya 507,+2312345678507,Family
Ademokoya 508,+2312345678508,Family
Ademokoya 509,+2312345678509,Family
Ademokoya 510,+2312345678510,Family
Ademokoya 511,+2312345678511,Family
Ademokoya 512,+2312345678512,Family
Ademokoya 513,+2312345678513,Family
Ademokoya 514,+2312345678514,Family
Ademokoya 515,+2312345678515,Family
Ademokoya 516,+2312345678516,Family
Ademokoya 517,+2312345678517,Family
Ademokoya 518,+2312345678518,Family
Ademokoya 519,+2312345678519,Family
Ademokoya 520,+2312345678520,Family
Ademokoya 521,+2312345678521,Family
Ademokoya 522,+2312345678522,Family
Ademokoya 523,+2312345678523,Family
Ademokoya 524,+2312345678524,Family
Ademokoya 525,+2312345678525,Family
Ademokoya 526,+2312345678526,Family
Ademokoya 527,+2312345678527,Family
Ademokoya 528,+2312345678528,Family
Ademokoya 529,+2312345678529,Family
Ademokoya 530,+2312345678530,Family
Ademokoya 531,+2312345678531,Family
Ademokoya 532,+2312345678532,Family
Ademokoya 533,+2312345678533,Family
Ademokoya 534,+2312345678534,Family
Ademokoya 535,+2312345678535,Family
Ademokoya 536,+2312345678536,Family
Ademokoya 537,+2312345678537,Family
Ademokoya 538,+2312345678538,Family
Ademokoya 539,+2312345678539,Family
Ademokoya 540,+2312345678540,Family
Ademokoya 541,+2312345678541,Family
Ademokoya 542,+2312345678542,Family
Ademokoya 543,+2312345678543,Family
Ademokoya 544,+2312345678544,Family
Ademokoya 545,+2312345678545,Family
Ademokoya 546,+2312345678546,Family
Ademokoya 547,+2312345678547,Family
Ademokoya 548,+2312345678548,Family
Ademokoya 549,+2312345678549,Family
Ademokoya 550,+2312345678550,Family
Ademokoya 551,+2312345678551,Family
Ademokoya 552,+2312345678552,Family
Ademokoya 553,+2312345678553,Family
Ademokoya 554,+2312345678554,Family
Ademokoya 555,+2312345678555,Family
Ademokoya 556,+2312345678556,Family
Ademokoya 557,+2312345678557,Family
Ademokoya 558,+2312345678558,Family
Ademokoya 559,+2312345678559,Family
Ademokoya 560,+2312345678560,Family
Ademokoya 561,+2312345678561,Family
Ademokoya 562,+2312345678562,Family
Ademokoya 563,+2312345678563,Family
Ademokoya 564,+2312345678564,Family
Ademokoya 565,+2312345678565,Family
Ademokoya 566,+2312345678566,Family
Ademokoya 567,+2312345678567,Family
Ademokoya 568,+2312345678568,Family
Ademokoya 569,+2312345678569,Family
Ademokoya 570,+2312345678570,Family
Ademokoya 571,+2312345678571,Family
Ademokoya 572,+2312345678572,Family
Ademokoya 573,+2312345678573,Family
Ademokoya 574,+2312345678574,Family
Ademokoya 575,+2312345678575,Family
Ademokoya 576,+2312345678576,Family
Ademokoya 577,+2312345678577,Family
Ademokoya 578,+2312345678578,Family
Ademokoya 579,+2312345678579,Family
Ademokoya 580,+2312345678580,Family
Ademokoya 581,+2312345678581,Family
Ademokoya 582,+2312345678582,Family
Ademokoya 583,+2312345678583,Family
Ademokoya 584,+2312345678584,Family
Ademokoya 585,+2312345678585,Family
Ademokoya 586,+2312345678586,Family
Ademokoya 587,+2312345678587,Family
Ademokoya 588,+2312345678588,Family
Ademokoya 589,+2312345678589,Family
Ademokoya 590,+2312345678590,Family
Ademokoya 591,+2312345678591,Family
Ademokoya 592,+2312345678592,Family
Ademokoya 593,+2312345678593,Family
Ademokoya 594,+2312345678594,Family
Ademokoya 595,+2312345678595,Family
Ademokoya 596,+2312345678596,Family
Ademokoya 597,+2312345678597,Family
Ademokoya 598,+2312345678598,Family
Ademokoya 599,+2312345678599,Family
Ademokoya 600,+2312345678600,Family
Ademokoya 601,+2312345678601,Family
Ademokoya 602,+2312345678602,Family
Ademokoya 603,+2312345678603,Family
Ademokoya 604,+2312345678604,Family
Ademokoya 605,+2312345678605,Family
Ademokoya 606,+2312345678606,Family
Ademokoya 607,+2312345678607,Family
Ademokoya 608,+2312345678608,Family
Ademokoya 609,+2312345678609,Family
Ademokoya 610,+2312345678610,Family
Ademokoya 611,+2312345678611,Family
Ademokoya 612,+2312345678612,Family
Ademokoya 613,+2312345678613,Family
Ademokoya 614,+2312345678614,Family
Ademokoya 615,+2312345678615,Family
Ademokoya 616,+2312345678616,Family
Ademokoya 617,+2312345678617,Family
Ademokoya 618,+2312345678618,Family
Ademokoya 619,+2312345678619,Family
Ademokoya 620,+2312345678620,Family
Ademokoya 621,+2312345678621,Family
Ademokoya 622,+2312345678622,Family
Ademokoya 623,+2312345678623,Family
Ademokoya 624,+2312345678624,Family
Ademokoya 625,+2312345678625,Family
Ademokoya 626,+2312345678626,Family
Ademokoya 627,+2312345678627,Family
Ademokoya 628,+2312345678628,Family
Ademokoya 629,+2312345678629,Family
Ademokoya 630,+2312345678630,Family
Ademokoya 631,+2312345678631,Family
Ademokoya 632,+2312345678632,Family
Ademokoya 633,+2312345678633,Family
Ademokoya 634,+2312345678634,Family
Ademokoya 635,+2312345678635,Family
Ademokoya 636,+2312345678636,Family
Ademokoya 637,+2312345678637,Family
Ademokoya 638,+2312345678638,Family
Ademokoya 639,+2312345678639,Family
Ademokoya 640,+2312345678640,Family
Ademokoya 641,+2312345678641,Family
Ademokoya 642,+2312345678642,Family
Ademokoya 643,+2312345678643,Family
Ademokoya 644,+2312345678644,Family
Ademokoya 645,+2312345678645,Family
Ademokoya 646,+2312345678646,Family
Ademokoya 647,+2312345678647,Family
Ademokoya 648,+2312345678648,Family
Ademokoya 649,+2312345678649,Family
Ademokoya 650,+2312345678650,Family
Ademokoya 651,+2312345678651,Family
Ademokoya 652,+2312345678652,Family
Ademokoya 653,+2312345678653,Family
Ademokoya 654,+2312345678654,Family
Ademokoya 655,+2312345678655,Family
Ademokoya 656,+2312345678656,Family
Ademokoya 657,+2312345678657,Family
Ademokoya 658,+2312345678658,Family
Ademokoya 659,+2312345678659,Family
Ademokoya 660,+2312345678660,Family
Ademokoya 661,+2312345678661,Family
Ademokoya 662,+2312345678662,Family
Ademokoya 663,+2312345678663,Family
Ademokoya 664,+2312345678664,Family
Ademokoya 665,+2312345678665,Family
Ademokoya 666,+2312345678666,Family
Ademokoya 667,+2312345678667,Family
Ademokoya 668,+2312345678668,Family
Ademokoya 669,+2312345678669,Family
Ademokoya 670,+2312345678670,Family
Ademokoya 671,+2312345678671,Family
Ademokoya 672,+2312345678672,Family
Ademokoya 673,+2312345678673,Family
Ademokoya 674,+2312345678674,Family
Ademokoya 675,+2312345678675,Family
Ademokoya 676,+2312345678676,Family
Ademokoya 677,+2312345678677,Family
Ademokoya 678,+2312345678678,Family
Ademokoya 679,+2312345678679,Family
Ademokoya 680,+2312345678680,Family
Ademokoya 681,+2312345678681,Family
Ademokoya 682,+2312345678682,Family
Ademokoya 683,+2312345678683,Family
Ademokoya 684,+2312345678684,Family
Ademokoya 685,+2312345678685,Family
Ademokoya 686,+2312345678686,Family
Ademokoya 687,+2312345678687,Family
Ademokoya 688,+2312345678688,Family
Ademokoya 689,+2312345678689,Family
Ademokoya 690,+2312345678690,Family
Ademokoya 691,+2312345678691,Family
Ademokoya 692,+2312345678692,Family
Ademokoya 693,+2312345678693,Family
Ademokoya 694,+2312345678694,Family
Ademokoya 695,+2312345678695,Family
Ademokoya 696,+2312345678696,Family
Ademokoya 697,+2312345678697,Family
Ademokoya 698,+2312345678698,Family
Ademokoya 699,+2312345678699,Family
Ademokoya 700,+2312345678700,Family
Ademokoya 701,+2312345678701,Family
Ademokoya 702,+2312345678702,Family
Ademokoya 703,+2312345678703,Family
Ademokoya 704,+2312345678704,Family
Ademokoya 705,+2312345678705,Family
Ademokoya 706,+2312345678706,Family
Ademokoya 707,+2312345678707,Family
Ademokoya 708,+2312345678708,Family
Ademokoya 709,+2312345678709,Family
Ademokoya 710,+2312345678710,Family
Ademokoya 711,+2312345678711,Family
Ademokoya 712,+2312345678712,Family
Ademokoya 713,+2312345678713,Family
Ademokoya 714,+2312345678714,Family
Ademokoya 715,+2312345678715,Family
Ademokoya 716,+2312345678716,Family
Ademokoya 717,+2312345678717,Family
Ademokoya 718,+2312345678718,Family
Ademokoya 719,+2312345678719,Family
Ademokoya 720,+2312345678720,Family
Ademokoya 721,+2312345678721,Family
Ademokoya 722,+2312345678722,Family
Ademokoya 723,+2312345678723,Family
Ademokoya 724,+2312345678724,Family
Ademokoya 725,+2312345678725,Family
Ademokoya 726,+2312345678726,Family
Ademokoya 727,+2312345678727,Family
Ademokoya 728,+2312345678728,Family
Ademokoya 729,+2312345678729,Family
Ademokoya 730,+2312345678730,Family
Ademokoya 731,+2312345678731,Family
Ademokoya 732,+2312345678732,Family
Ademokoya 733,+2312345678733,Family
Ademokoya 734,+2312345678734,Family
Ademokoya 735,+2312345678735,Family
Ademokoya 736,+2312345678736,Family
Ademokoya 737,+2312345678737,Family
Ademokoya 738,+2312345678738,Family
Ademokoya 739,+2312345678739,Family
Ademokoya 740,+2312345678740,Family
Ademokoya 741,+2312345678741,Family
Ademokoya 742,+2312345678742,Family
Ademokoya 743,+2312345678743,Family
Ademokoya 744,+2312345678744,Family
Ademokoya 745,+2312345678745,Family
Ademokoya 746,+2312345678746,Family
Ademokoya 747,+2312345678747,Family
Ademokoya 748,+2312345678748,Family
Ademokoya 749,+2312345678749,Family
Ademokoya 750,+2312345678750,Family
Ademokoya 751,+2312345678751,Family
Ademokoya 752,+2312345678752,Family
Ademokoya 753,+2312345678753,Family
Ademokoya 754,+2312345678754,Family
Ademokoya 755,+2312345678755,Family
Ademokoya 756,+2312345678756,Family
Ademokoya 757,+2312345678757,Family
Ademokoya 758,+2312345678758,Family
Ademokoya 759,+2312345678759,Family
Ademokoya 760,+2312345678760,Family
Ademokoya 761,+2312345678761,Family
Ademokoya 762,+2312345678762,Family
Ademokoya 763,+2312345678763,Family
Ademokoya 764,+2312345678764,Family
Ademokoya 765,+2312345678765,Family
Ademokoya 766,+2312345678766,Family
Ademokoya 767,+2312345678767,Family
Ademokoya 768,+2312345678768,Family
Ademokoya 769,+2312345678769,Family
Ademokoya 770,+2312345678770,Family
Ademokoya 771,+2312345678771,Family
Ademokoya 772,+2312345678772,Family
Ademokoya 773,+2312345678773,Family
Ademokoya 774,+2312345678774,Family
Ademokoya 775,+2312345678775,Family
Ademokoya 776,+2312345678776,Family
Ademokoya 777,+2312345678777,Family
Ademokoya 778,+2312345678778,Family
Ademokoya 779,+2312345678779,Family
Ademokoya 780,+2312345678780,Family
Ademokoya 781,+2312345678781,Family
Ademokoya 782,+2312345678782,Family
Ademokoya 783,+2312345678783,Family
Ademokoya 784,+2312345678784,Family
Ademokoya 785,+2312345678785,Family
Ademokoya 786,+2312345678786,Family
Ademokoya 787,+2312345678787,Family
Ademokoya 788,+2312345678788,Family
Ademokoya 789,+2312345678789,Family
Ademokoya 790,+2312345678790,Family
Ademokoya 791,+2312345678791,Family
Ademokoya 792,+2312345678792,Family
Ademokoya 793,+2312345678793,Family
Ademokoya 794,+2312345678794,Family
Ademokoya 795,+2312345678795,Family
Ademokoya 796,+2312345678796,Family
Ademokoya 797,+2312345678797,Family
Ademokoya 798,+2312345678798,Family
Ademokoya 799,+2312345678799,Family
Ademokoya 800,+2312345678800,Family
Ademokoya 801,+2348139092124,Family